,vp,max,min,tc
0,2.9,2.828774517441452,2.795931472077456,66.73221508353767
1,3.0,2.928238736856952,2.895420012637187,64.40472391565689
2,3.1,3.027664735047207,2.994867148030593,62.23787157646457
3,3.2,3.1270581124326,3.094278660065304,60.21572637333474
4,3.3,3.226423511136218,3.193659409742267,58.32430479301137
5,3.4,3.325764805229591,3.293013507786131,56.55130365598036
6,3.5,3.425085247915104,3.392344449040198,54.885869778381085
7,3.6,3.524387586554158,3.491655219323996,53.31840287558163
